,indices,quote,query,bm25,prevbm25,nextbm25,ranking
0,87641,"RIKER: Yes, go ahead. RIKER: Enterprise?... Enterprise?... RIKER: ... Enterprise...",enterprise,8.32000668986447,0.0,7.374085106071976,-1
1,118893,"RIKER: Proceed, Shuttle One. PICARD: Enterprise. Enterprise. Do you read me? Enterprise, come in. DATA: I cannot locate the Enterprise anywhere within one lightyear of the planet.",enterprise,7.830813309836274,0.0,4.146091114464119,-1
2,115264,"TAM: I can't. DATA: Data to Enterprise. Come in Enterprise. TAM: No... No, don't.",enterprise,7.4968231383513615,0.0,0.0,-1
3,102020,"RIKER: I think we'll be safe in here. I'm not sure about our air supply. Stay put and don't move around, don't expend unnecessary energy. With any luck we can wait this out. RIKER: Riker to Enterprise... Riker to Enterprise... DATA: Commander, the refractory metals in the rock strata might also interfere with communication.",enterprise,7.405238617268715,0.0,0.0,-1
4,97369,RIKER: Riker to Enterprise. We're going in. RIKER: Riker to Enterprise... Riker to Enterprise... SOREN: Power reserves are down to eighty-four percent.,enterprise,7.405238617268715,5.707667608461899,0.0,-1
5,134022,RIKER: Energize. RIKER: Enterprise. PICARD: Number One.,enterprise,7.374085106071976,0.0,0.0,-1
6,130174,"PICARD: Hold on. We'll get you out of here. (he touches his communicator) Enterprise, this is the Captain. Two to beam up. PICARD: Enterprise. PICARD: (continuing; he touches it again) Data... Lieutenant Yar.",enterprise,7.374085106071976,3.382592548319905,0.0,-1
7,109348,RIKER: Maybe we'll find out what the hell they really want. GREBNEDLOG: Enterprise. RIKER: We demand the immediate return of our crewmember.,enterprise,7.374085106071976,0.0,0.0,-1
8,88874,"RO: I think I can... I followed their entry almost all the way in... we can calculate the coordinates from their angle of descent... RIKER: Enterprise? DATA: It is unlikely, sir, that we will be able to establish communication with the ship, given the severe electromagnetic interference...",enterprise,7.374085106071976,0.0,0.0,-1
9,88860,"DATA: Sir, forward thrusters have failed. We are losing power. RIKER: Enterprise... ? PICARD: Go ahead.",enterprise,7.374085106071976,0.0,0.0,-1
10,87642,"RIKER: Enterprise?... Enterprise?... RIKER: ... Enterprise... PICARD: Why haven't you left the building, Number One?",enterprise,7.374085106071976,8.32000668986447,0.0,-1
11,79459,"RIKER: Enterprise, Riker. Come in. ZORN: Enterprise, Enterprise, help us! Come in, please... ZORN: ... what shall we do? Help us, please.",enterprise,7.18577700872932,6.300963579513951,0.0,-1
12,139059,"RIKER: In my opinion, the Romulans want a confrontation... specifically against us. PICARD: The Enterprise? RIKER: Not by name; but yes, against us. They know the Federation will send their best -- this will be a perfect chance for them to learn firsthand, how much we have advanced in both technology, and technique.",enterprise,7.031910911953916,0.0,0.0,-1
13,138891,PICARD: The strategic decision is to send one ship. RIKER: The Enterprise. PICARD: Yes.,enterprise,7.031910911953916,0.0,0.0,-1
14,129412,"VEKOR: It was sent approximately fifteen minutes ago. He's at the rendezvous coordinates... but he's been detained by the Enterprise. That's all there is... he stopped transmitting. BARAN: The Enterprise... PICARD: How could they have found out about the rendezvous, Commander?",enterprise,7.031910911953916,2.5554924970361927,0.0,-1
15,128044,RIKER: We're from the Federation Starship Enterprise. We received your distress call. MIROK: The Enterprise... ? RIKER: That's right. Your message said you'd suffered a failure in your engine core.,enterprise,7.031910911953916,4.090139488333297,0.0,-1
16,118608,GUINAN: I've certainly done my share of travelling. What ship? DATA: The Enterprise. GUINAN: Is that a clipper ship?,enterprise,7.031910911953916,0.0,0.0,-1
17,85874,PICARD: Do you know where you are? P2: The Enterprise. PICARD: But you're only vaguely aware of it. And me -- do you know who I am?,enterprise,7.031910911953916,0.0,0.0,-1
18,12040,"DAX: That's... SISKO: The Enterprise DULMUR: Be specific, Captain. Which Enterprise? There've been five.",enterprise,7.031910911953916,0.0,4.765384017263812,-1
19,139813,"RIKER: Riker to Enterprise. GEORDI: Enterprise, here. RIKER: We're ready to beam up.",enterprise,6.951272231370145,6.646400906115534,0.0,-1
20,131211,"DATA: Captain, I have no reports of any Federation ships in that area. RIKER: Ferengi? PICARD: It's a little out of their area.",ferengi,9.02818540172776,0.0,0.0,-1
21,67593,"QUARK: We'll take him with us. He'll be our gift to Starfleet. They gave us a Vorta, we'll give them one back. YELGRUN: Ferengi... QUARK: I know, I know -- you hate us.",ferengi,9.02818540172776,0.0,0.0,-1
22,62522,"GENERAL DENNING: You know, Quark, you might be some kind of Martian... QUARK: Ferengi. GENERAL DENNING: Whatever. But the more we talk, the more you remind me of my brother-in-law.",ferengi,9.02818540172776,0.0,0.0,-1
23,67532,"QUARK: It always comes down to profit with you people, doesn't it? GAILA: We're Ferengi. QUARK: And that's why I love you. Fifty bars it is. Minus my usual finder's fee.",ferengi,8.392417867208911,0.0,0.0,-1
24,67517,ROM: Look out! KEEVAN: I hate Ferengi ROM: What are we going to do? We can't have a prisoner exchange without a prisoner.,ferengi,8.295061083990827,0.0,0.0,-1
25,40911,"QUARK: Don't be ridiculous... You expect me to believe you've come all this way, braved the storm, just to tell me the deal is off? YETO: Stupid Ferengi. T'KAR: I said no one moves.",ferengi,8.295061083990827,0.0,0.0,-1
26,14342,"GRILKA: You mean... D'Ghor has been... scheming and ... plotting like a... QUARK: Like a Ferengi. GRILKA: There is no honor in what he has done. If he wanted to challenge my House, he should've made a declaration... met our forces in battle...",ferengi,8.295061083990827,0.0,0.0,-1
27,108607,"GEORDI: This is Shuttle nine... reporting back... barely. PICARD: The Ferengi pod? GEORDI: They're trapped on the other side, sir. In the Delta Quadrant. We tried to warn them. They wouldn't follow us.",ferengi,8.199937185302392,0.0,0.0,-1
28,108497,"GEORDI: I can see it now... and I'm telling you that you don't have time to wait... not even forty seconds... ARRIDOR: Ferengi pod, out. GEORDI: Dammit, Arridor, we're seventy thousand light years away from our ships... follow us... we'll lead you in...",ferengi,8.199937185302392,0.0,0.0,-1
29,83490,"MORDOC: Inviting others to unclothe them... the very depth of perversion... TASHA: Paws off, Ferengi. MORDOC: No female, hu-man or Ferengi, can order Mordoc around! Submit!",ferengi,8.106970225017667,0.0,5.491872829589185,-1
30,12996,"DAMAR: True. But some people might place a brother's revenge above business. QUARK: Not this Ferengi. DAMAR: You're a credit to your race, Quark. Unlike your brother, you've chosen to back the winning side.",ferengi,8.106970225017667,0.0,0.0,-1
31,55436,LEETA: We're not on Ferenginar. ROM: But I'm a Ferengi. LEETA: And I'm not.,ferengi,8.016087662563388,0.0,0.0,-1
32,111776,RIKER: Lieutenant? WORF: One of the Ferengi. WORF: You! What are you doing?,ferengi,7.92722017414676,0.0,0.0,-1
33,70833,ISHKA: He just lives by them. ROM: Like a good Ferengi. ISHKA: Like an unenlightened Ferengi.,ferengi,7.840301476402101,0.0,7.0655888209846465,-1
34,55766,BRUNT: I hate losing. QUARK: What Ferengi doesn't? BRUNT: I may not be able to destroy the Nagus... but you're a different story.,ferengi,7.7552681615135155,0.0,0.0,-1
35,40878,"T'KAR: That depends on you. T'KAR: Yeto, get the Ferengi. BASHIR: You mind telling me what this is all about?",ferengi,7.7552681615135155,0.0,0.0,-1
36,15632,"SISKO: And ""A Ferengi without profit... "" NOG: ""... Is no Ferengi at all."" SISKO: The eighteenth Rule of Acquisition.",ferengi,7.7552681615135155,7.136101777328003,0.0,-1
37,55343,ROM: I guess not. DAX: You're probably the least Ferengi-like Ferengi I've ever met. ROM: I guess so.,ferengi,7.742321828323657,0.0,0.0,-1
38,13519,"TUMEK: I have never heard of the ""right of proclamation."" QUARK: It's a Ferengi custom. THOPOK: Then it has no place here.",ferengi,7.672059542951674,0.0,0.0,-1
39,126061,"PICARD: I am the captain of this vessel! Your order is nullified! PICARD: Ferengi on Main Viewer. PICARD: I am Jean-Luc Picard, Captain of the Federation Starship, USS Enterprise. Why have you attacked my ship?",ferengi,7.590617511035995,0.0,0.0,-1
40,24638,"KRAX: Who else but my father. THE CROWD: The Nagus. Yes, the Grand Nagus. ZEK: I thank you for your confidence... but I must decline the offer.",nagus,10.869527781529452,0.0,0.0,-1
41,24864,ZEK : Release him. ROM: Nagus! KRAX: Father?,nagus,10.820838629220766,0.0,0.0,-1
42,24849,KRAX: This is an historic moment. KRAX: Nagus... QUARK: There must be some mistake...,nagus,10.820838629220766,0.0,0.0,-1
43,24787,"QUARK: Did you come to me and offer your support. NAVA: No, Nagus. QUARK: Yet, now you call me Nagus. Is it out of true friendship? No.",nagus,10.416082745940743,0.0,6.465793450406402,-1
44,24785,"QUARK: A very lucrative opportunity. Tell me Nava, when Zek announced I was to succeed him, were you pleased? NAVA: No, Nagus. QUARK: Did you come to me and offer your support.",nagus,10.416082745940743,0.0,0.0,-1
45,67735,QUARK : Grand Nagus Zek. ROM: The Nagus? ROM: He used you when it suited his needs. I don't think it's the same thing.,nagus,10.287810134768971,9.57995523238062,0.0,-1
46,55374,QUARK: Wait a minute... What's the Nagus doing in my closet? ISHKA: The Nagus? QUARK: Moogie...,nagus,10.287810134768971,6.89256897875543,0.0,-1
47,24829,"QUARK: Stop daydreaming and pay attention to your work. ROM: Yes, Nagus. QUARK: When do we leave?",nagus,10.287810134768971,0.0,0.0,-1
48,24795,"QUARK: I think I'll head over to the bar and check the receipts. KRAX/ROM: Yes, Nagus. KRAX: If he keeps handing out such choice opportunities, he's going to become very popular.",nagus,10.287810134768971,0.0,0.0,-1
49,24781,"QUARK: You wish to find profit elsewhere. NAVA: Yes, Nagus. QUARK: And where would that be?",nagus,10.287810134768971,0.0,0.0,-1
50,10325,QUARK: I'm here to talk about the Nagus. EMI ALIEN: The Nagus? QUARK: The other Ferengi who visited you. The one who brought the Orb.,nagus,10.287810134768971,8.01704722436326,0.0,-1
51,55368,"QUARK: (under his breath, annoyed) If she threw out my Marauder Mo action figures... QUARK: Grand Nagus... ZEK: Quark, what are you doing here?",nagus,10.040515040599512,0.0,0.0,-1
52,10236,"ZEK : What's the matter, Quark? Spinning out of control, are we? QUARK: Grand Nagus? ZEK: Maybe.",nagus,10.040515040599512,0.0,0.0,-1
53,37412,QUARK: I still can't believe Brunt is the new Nagus. ZEK: Acting Nagus. QUARK: For three more days. Then it becomes official.,nagus,9.921272846646088,7.189144221919739,0.0,-1
54,67734,QUARK: Maybe she'd buy one disk... but all fifty-two? No... she doesn't like me that much. Who could it be. Who could afford to spend five hundred bars of latinum... on me. QUARK : Grand Nagus Zek. ROM: The Nagus?,nagus,9.57995523238062,0.0,10.287810134768971,-1
55,37442,"QUARK: No, not Brunt -- NOG: -- Grand Nagus Zek. QUARK: Who said he was dead?",nagus,9.57995523238062,0.0,0.0,-1
56,9972,"QUARK: Right now, nothing is more important than this. QUARK: Grand Nagus Zek. ROM: As big as life.",nagus,9.57995523238062,0.0,0.0,-1
57,31268,ROM: He left her a note saying he was going on a business safari to open new territories for financial exploitation. QUARK: That's our Nagus. ROM: He said held be back in five days -- that was twelve days ago!,nagus,9.471342288465085,0.0,0.0,-1
58,37686,BRUNT: Nilva! How nice to see you again. NILVA: Grand Nagus Brunt. NOG: Acting Grand Nagus Brunt.,nagus,9.365164538557856,0.0,8.683726806180118,-1
59,37476,BRUNT : Care to place a wager on that? ROM: Grand Nagus Brunt... ZEK: Acting Grand Nagus Brunt.,nagus,9.365164538557856,0.0,8.683726806180118,-1
60,135627,"DATA: ""Border."" ""Road."" ""Companion."" ""Message."" ""Messenger."" DATA: ""Death."" WORF: Captain, phasers are set for wide dispersal, ten percent maximum power. The beam will terminate automatically when the comet's core is reached.",death,9.68550603440587,0.0,0.0,-1
61,130551,RIVAN: ... and so no one risks death. WORF: Death? RIVAN: ... by breaking any law.,death,9.68550603440587,7.692658976229339,0.0,11
62,135664,"PICARD: Perhaps everything with the compass design is part of the same theme -- movement. Finding a direction, travelling a path, crossing a boundary-- RIKER: And ""death."" One of the symbols was ""death."" PICARD: The ultimate boundary.",death,9.190952836490036,0.0,0.0,4
63,128154,GEORDI: What do you mean? RO: This. Death. GEORDI: What?,death,9.09638270373437,0.0,0.0,6
64,35061,ODO: Humanoid death rituals are an interest of mine. QUARK: Death rituals. ODO: Everybody needs a hobby.,death,8.776097699203651,6.325974167651603,0.0,1
65,7836,GOWRON: What is this? WORF: It is your death. GOWRON: No.,death,8.477600122520089,0.0,0.0,5
66,62647,GENERAL DENNING: With your finger? QUARK: With my death ray. GENERAL DENNING: Looks a lot like a finger to me.,death,8.382562642276271,0.0,0.0,-1
67,94791,PICARD: We would rather die. BORG: Death is irrelevant. PICARD: What is it you wish of me?,death,8.198739962289185,0.0,0.0,-1
68,121478,WESLEY: Married? MRS. TROI: 'Till death do us part. RIKER: Mrs. Troi... I don't know how to put this --,death,8.022806438908166,0.0,0.0,-1
69,5677,"QUARK: I know, I know. Destroyed in the explosion. So now what? ODO: Now we either freeze to death or starve to death. Take your pick. NOG: It's about time you woke up. I thought you were going to sleep all day.",death,7.966887955576186,0.0,0.0,-1
70,24339,KANG: I say we attack here... a bold assault right at the main threshold. The guards will be too scattered to respond in time. We will overwhelm the defenders and fight on to a glorious victory. KOLOTH: Or to a glorious death. KOR: It is a good day to die.,death,7.937641086059576,0.0,0.0,9
71,90938,TASHA: Do you know how? GUINAN: No. But I know that it was an empty death. A death without purpose. PICARD: Come.,death,7.924671171976148,0.0,0.0,10
72,89022,DATA: Attack me. Or are you afraid? WORF: I have no fear of death. DATA: And I have no fear of killing you...,death,7.854264870497627,0.0,0.0,3
73,5377,BASHIR : What do you want with him? JEM'HADAR OFFICER: He is to be put to death. SECOND JEM'HADAR: Sir.,death,7.772621999487874,0.0,0.0,-1
74,130550,LIATOR: No one but our Mediators know what place or for how long. We're very proud of the wisdom of our ancestors. No person ever knows where or when a zone will be. RIVAN: ... and so no one risks death. WORF: Death?,death,7.692658976229339,0.0,9.68550603440587,-1
75,108182,K'EHLEYR: Alexander... WORF: You have never seen death? WORF: Then look...,death,7.692658976229339,0.0,0.0,12
76,14202,QUARK: I... didn't want to. I... had no choice. GRILKA: Was it... an honorable death? QUARK: Absolutely. He died... like a warrior.,death,7.692658976229339,0.0,0.0,8
77,142721,"DATA: He was the greatest man I have ever known. PICARD: Does his death disturb you? DATA: Disturb, Captain? No. All things must pass. May I go now, sir?",death,7.614324482956821,0.0,0.0,7
78,128214,DATA: Ensign Ro was Bajoran. Her beliefs should be reflected as well. But their death rituals are quite complicated. RO: Please... not the Death Chant... WORF: The Bajorn Death Chant is over two hours long...,death,7.614324482956821,4.17263374475863,6.379948811636776,2
79,33912,ODO: But we'll find out. EZRI: What was the time of death? BASHIR: Oh-three seventeen.,death,7.614324482956821,0.0,0.0,-1
80,5530,QUARK: Wrong again. ROM: Constable. Care for a root beer? ODO: No. But you do have something I want.,root beer,22.086142530832348,0.0,0.0,-1
81,16417,GARAK: What is it? QUARK: A human drink. It's called root beer. GARAK: I don't know...,root beer,21.056031259563134,0.0,0.0,6
82,3763,"NOG: A root beer... (off Quark's blank expression) It's an Earth drink... something they serve at the Academy... QUARK: Root beer... This is the end of Ferengi civilization... ODO: May I join you, Lieutenant... ?",root beer,18.62387066927307,13.41990006756388,0.0,1
83,5524,ROM: You think he'd mind if I had one for myself? QUARK: I'd mind. My own brother drinking root beer. It's so... Human. ROM: Mmmm... And bubbly.,root beer,17.606988094641533,0.0,0.0,3
84,5521,"ROM: Can I help it if I'm excited? My son is coming home. ROM: Root beer. His favorite. I don't know how to thank you, brother. QUARK: Ten slips of latinum ought to do it.",root beer,17.07426107175166,0.0,0.0,4
85,66443,"QUARK: What's that? WORF: An ancient Klingon proverb -- ""You cannot loosen a man's tongue with root beer."" KIRA: ... it is wonderful news, Vedek Mera. I'll see you at the signing ceremony.",root beer,15.439273139750336,0.0,0.0,2
86,68219,NOG: What do you mean? JAKE: I mean you didn't stay here until closing time just to have one more root beer. Something's up. NOG: My friend the writer. Always looking for a good story.,root beer,13.663598865922124,0.0,0.0,-1
87,3762,"QUARK: What can I get you, Nog? NOG: A root beer... (off Quark's blank expression) It's an Earth drink... something they serve at the Academy... QUARK: Root beer... This is the end of Ferengi civilization...",root beer,13.41990006756388,0.0,18.62387066927307,5
88,33448,"O'BRIEN: Fine? Commander, with all due respect, as an engineer, I couldn't look at myself in the mirror if I let this computer continue to perform as it does now. I really need to do a root canal. SISKO: Root canal? O'BRIEN: Engineering shorthand, sir. I'm gonna have to get into her guts and rebuild her from the ground up.",root beer,13.059839728288107,4.239899943996182,0.0,-1
89,56597,"KIRA: Dukat wanted the station back, he can have it. QUARK: I don't want to see a drop of root beer left in this place. Break out the kanar and find me some yamok sauce. ROM: Rom, Assistant Manager for Policy and Clientele. Reporting for work, Brother.",root beer,12.596146305565496,0.0,0.0,-1
90,65545,QUARK: What? NOG: Two root beers? O'BRIEN: Hyper spanner.,root beer,12.453833685496662,0.0,0.0,-1
91,62537,"GENERAL DENNING: What do you know about atom bombs? QUARK: My people have been watching your world for many years. We know all about you. Baseball, root beer, darts... atom bombs. QUARK : It's quite a fascinating culture you humans have here. And with a little Ferengi technology, it could be even better. Now, why don't you go talk to that president of yours?",root beer,12.254236385094032,0.0,0.0,-1
92,57243,"ALEXANDER: Why are you laughing? CH'TARGH: Or perhaps the son of our illustrious first officer would prefer an Earth beverage. A glass of root beer, with a lump of ""ice cream?"" ALEXANDER: Are you mocking me?",root beer,11.274890056401617,0.0,0.0,7
93,66439,"DAX: I take it you think Federation membership is going to be good for business? QUARK: Of course it is -- this station is going to get busier than an Alvanian beehive. I'm expecting to do five times the volume in root beer alone. QUARK: You see, it's all about foot traffic. The more people come in, the more they drink. The more they drink, the more they talk. The more they talk, the more they let slip things I shouldn't know. And that... that always leads to latinum.",root beer,10.789838911935943,0.0,0.0,8
94,139818,"RIKER: I gave you an order, Lieutenant. TROI: Computer -- valerian root tea, hot. TROI: Meet me in Transporter Room Three at nineteen hundred hours. It's important.",root beer,10.504165690908616,0.0,0.0,-1
95,64959,"DAX: What do you mean? EKORIA: Nothing. Do you like Takana root tea? DAX: Ekoria, where did you get all this food?",root beer,10.014244942711915,0.0,0.0,-1
96,120136,"BRENNA: Oh, and why is that? RIKER: So he can have a pipe, and mug of beer in peace. BRENNA: You've shown me so many wonders on your great ship, but there is still one thing you haven't shown me.",root beer,10.014232408020664,0.0,0.0,-1
97,32100,"ODO: No imagination, indeed. S : Hey, get your cold beer... get your cold beer right here... peanuts... souvenirs... scorecards... can't tell the players without a scorecard... BUCK: So what are you doing here?",root beer,9.518647785045932,0.0,0.0,-1
98,5714,"ODO: How much higher do we have to go? QUARK: Hmmm... carry the seven, take the square root, times pi... I'd say... QUARK: That high.",root beer,8.245252222868054,0.0,0.0,-1
99,94108,"RIKER: Greek, sir? PICARD: The Homeric Hymns. One of the root metaphors of our own culture. RIKER: For the next time we encounter the Tamarians...",root beer,7.999497046867999,0.0,0.0,-1
100,19998,SISKO: Welcome to the Alpha Quadrant. I'm Commander Benjamin Sisko of the United Federation of Planets. TOSK: Alpha quadrant? SISKO: You have passed through a wormhole into a new part of the galaxy...,alpha quadrant,19.36248864054008,10.042549413113788,0.0,-1
101,56118,"DAMAR: We have to evacuate the station, sir. DUKAT: Bajor... the Federation... the Alpha Quadrant... all lost... DAMAR: We have to go now, sir.",alpha quadrant,13.885701534787852,0.0,0.0,-1
102,6643,"GARAK: The Jem'Hadar will destroy every ship if we stay. GARAK: The only hope is to return to the Alpha Quadrant. LOVOK: There's no way out of here, Garak. The Jem'Hadar have cut us off. We need to consolidate the fleet and make our stand here.",alpha quadrant,13.885701534787852,0.0,0.0,-1
103,61377,"JACK: Look at this -- Starfleet battle plans, fleet deployments -- do you know what the Dominion could do with this information? LAUREN: They could take the Alpha Quadrant in a matter of weeks. JACK: With a lot fewer Federation casualties than in a drawn out war.",alpha quadrant,13.121567530843954,0.0,0.0,-1
104,8404,WORF: We have to warn the station. There is only one reason for the Dominion to hide such a large fleet this close to the wormhole. GARAK: You think they're planning to attack the Alpha Quadrant. WORF: I am certain of it.,alpha quadrant,13.121567530843954,0.0,0.0,-1
105,40565,"O'BRIEN: I've cleared the Skrreean ship to dock at upper pylon two. SISKO: Time to welcome your people to the Alpha Quadrant, Haneek... HANEEK: Come on... don't be afraid... we're among friends...",alpha quadrant,13.01921736797336,0.0,0.0,-1
106,37355,SISKO: A Dominion invasion of Ferenginar? ROM: Think of the terrible repercussions to the Alpha Quadrant. WORF: I can't think of any.,alpha quadrant,12.918451539803318,0.0,0.0,-1
107,13009,"QUARK: (no longer hiding anything) A week? DAMAR: That's right, one week and the Alpha Quadrant will be ours. SISKO: Gentlemen, this mission cannot succeed without the involvement of the Klingon Defense Forces.",alpha quadrant,12.918451539803318,0.0,0.0,-1
108,7849,"SISKO: That way, the war between the Federation and the Klingons would continue until both sides were destroyed. GOWRON: Leaving the Alpha Quadrant wide open for a Dominion invasion. ODO: That seems to have been their plan.",alpha quadrant,12.62530053952345,0.0,0.0,-1
109,41725,"DUKAT: Isn't that obvious? DUKAT: To give you what you desire above all else. The Alpha Quadrant. DUKAT: All I need is a certain Bajoran artifact... one of the many that the Cardassians ""appropriated"" during the occupation.",alpha quadrant,12.530517924330896,0.0,0.0,-1
110,18214,ODO: I know. KIRA: You know! Do you realize you handed the Alpha Quadrant to the Dominion? ODO: I was in the Link.,alpha quadrant,11.820587156177456,0.0,0.0,-1
111,73684,PICARD: When she comes aboard... take her into custody... RO: Alpha Seven to Alpha Nine. KALITA: Go ahead.,alpha quadrant,11.730362805750342,0.0,0.0,-1
112,69152,"DERAL: I want you with me now... DERAL: Yes, there is. I can leave Meridian... go back to the Alpha Quadrant with you. DERAL: If you'll have me.",alpha quadrant,11.574671089871051,0.0,0.0,-1
113,16022,WORF: The misdeeds your troops have committed speak for themselves. Assaulting a Cardassian tailor. Detaining and searching ships in neutral space without warning or provocation. And you... executing one of your own commanders because he refused to fire on a Federation ship... MARTOK: Whatever we've done has been in the best interests of the Alpha Quadrant. WORF: You must think me a fool to make your lies so transparent.,alpha quadrant,11.574671089871051,0.0,0.0,-1
114,56616,"BASHIR: And then what? NOG: And then we make the Dominion sorry they ever set foot in the Alpha Quadrant. SISKO: Cadet, you took the words right out of my mouth.",alpha quadrant,11.262270010623944,0.0,0.0,-1
115,56037,"O'BRIEN: You don't want to know... FEMALE SHAPE-SHIFTER: Send a message to our listening posts in the Gamma Quadrant. Tell the reinforcements that the Alpha Quadrant awaits them. DAMAR: Sir, the Defiant... it's headed for the wormhole.",alpha quadrant,11.083725317176196,0.0,0.0,-1
116,20036,"O'BRIEN : Ah! O'BRIEN: You can't go sneaking up on someone like that, friend... it's an Alpha quadrant rule... TOSK: Can it be fixed?",alpha quadrant,10.966289195833262,0.0,0.0,-1
117,5255,"SISKO: Permission granted. GOWRON: This is a dark day, not only for the Klingon Empire, but for the Alpha Quadrant itself. SISKO: So what are we going to do about it?",alpha quadrant,10.68546718734423,0.0,0.0,-1
118,16727,BASHIR: I wasn't aware the Romulans had been excluded. T'RUL: Every great power in the Alpha Quadrant has been invited to participate except for us. BASHIR: There must be some mistake.,alpha quadrant,10.617494646258573,0.0,0.0,-1
119,50450,"KIRA: At what price? You've sold Cardassia to the Dominion. DUKAT: A high price, to be sure. But look what we're getting in return -- the Alpha Quadrant itself. KIRA: We'll see about that.",alpha quadrant,10.484111299779368,0.0,0.0,-1
120,32769,"KIRA: Gul Dukat, we know you're headed for the wormhole... DUKAT: Wormhole? Which wormhole is that? KIRA: I strongly suggest you do not proceed. We encountered a hostile lifeform inside...",wormhole,9.959194489989692,6.4507019356372375,0.0,6
121,63181,"KIRA: Listen, something is very wrong here... I think we must've taken a wrong turn in the wormhole... WORF: Wormhole... ? KIRA: The wormhole to the Gamma... This is very difficult to explain... I think the best thing would be for us just to get back on our ship and...",wormhole,9.667901204813194,4.81004222915782,3.8158538120838985,4
122,89776,WORF: Still picking up energy distortions -- but fading. It seems to be gone. PICARD: A wormhole? DATA: Very likely. Small and extremely unstable wormholes have been mapped near thirty-nine T-tauri systems in the last one hundred years alone.,wormhole,9.432680199812523,0.0,0.0,3
123,90632,"DATA: Nothing I have seen before. PICARD: Is it a wormhole? DATA: Yes... and no. Like a... time displacement, but it does not have a discernible event horizon.",wormhole,8.791020938993093,0.0,0.0,-1
124,22895,"KIRA: Things have changed, Tahna. Now that the wormhole has been discovered... TAHNA: Yes, the wormhole. KIRA: Look, I don't want the Federation here any more than you do... but they are serving a purpose. For the time being, at least.",wormhole,8.791020938993093,5.57023529131244,0.0,5
125,32647,"DAX: Velocity is twenty kph. I'm picking up an atmosphere, Benjamin... SISKO: Inside a wormhole? DAX: Capable of supporting life...",wormhole,8.692469878936231,0.0,0.0,1
126,10303,"ZEK: Not in the slightest. I can't help myself. I like you. Now, where have you taken me? QUARK: Into the wormhole. QUARK: What's going on?",wormhole,8.692469878936231,0.0,0.0,-1
127,35839,DAX: They've released us. FALLIT KOT: Through the wormhole. FALLIT KOT: What was that?,wormhole,8.409642924921833,0.0,0.0,-1
128,32818,"SISKO: Another ship... in the wormhole? JENNIFER ALIEN: ""Wormhole"" - what is this? SISKO: It is how we describe the kind of passage that brought me here...",wormhole,8.319413321533812,7.738232459974231,0.0,2
129,8441,O'BRIEN: Weapons ready. DAX: The wormhole's opening. SISKO: On screen.,wormhole,8.231099366010024,0.0,0.0,-1
130,63526,BASHIR: ...Forty... KIRA: Ten seconds to wormhole... BASHIR: We're hit!,wormhole,8.144640693009862,0.0,0.0,-1
131,60446,KIRA: Everything here is fine. There's no sign of Dominion activity. SISKO: What about the wormhole? DAX: It's acting normally again. It stopped opening and closing at random not long after you left.,wormhole,8.144640693009862,0.0,0.0,7
132,63520,BASHIR: Impulse engines on line... KIRA: Sixty seconds to wormhole... BASHIR: I'm still picking up a residual leak from our warp core...,wormhole,7.977060153724541,0.0,0.0,-1
133,56032,"DAX: What do we do now, Captain? SISKO: Take us into the wormhole. O'BRIEN: What the hell. All we're going to find in there is a couple of thousand Dominion ships.",wormhole,7.977060153724541,0.0,0.0,-1
134,19860,"DAX: Bearing one-five-seven, mark one- three. KIRA: Straight into the wormhole. DAX: There's a definite imbalance in the graviton field that corresponds with our trajectory. I think that's what's pulling us toward the wormhole.",wormhole,7.895829597829979,0.0,3.6540147599613007,-1
135,6120,ODO: That won't be necessary. DAX: We've cleared the wormhole. SISKO: Begin transmitting our request for assistance and set a course for the Dominion.,wormhole,7.895829597829979,0.0,0.0,-1
136,32861,"KIRA: With any luck, they're in the Gamma Quadrant. On the other side of the wormhole. JASAD: What wormhole? Our sensors show no indication of a wormhole in this sector. KIRA: That's because it just collapsed.",wormhole,7.8435796272928835,5.196901887834059,0.0,-1
137,56099,"SISKO: Wherever they went, I don't think they're coming back. DAMAR: Sir, the wormhole is opening. DAMAR: The Defiant...",wormhole,7.816236710132982,0.0,0.0,-1
138,47893,DAX: Hold at fifty KPH... O'BRIEN: Ten seconds to the wormhole. KIRA: Reading higher levels of neutrino activity...,wormhole,7.816236710132982,0.0,0.0,-1
139,58549,"O'BRIEN: Acknowledged... I can't establish a lock, Major... (tries to compensate, fails) They must have some kind of deflectors we haven't seen before... DAX: They've entered the wormhole. SISKO: Got it.",wormhole,7.738232459974231,0.0,0.0,-1
140,88633,"PICARD: On screen. PICARD: Tasha? SELA: No, Captain. I am Commander Sela. The woman you knew as Tasha Yar... was my mother.",tasha,12.576429065604554,0.0,6.551394125753325,-1
141,77814,PICARD: Absolutely! TROI: Tasha? TROI: What're you doing?,tasha,12.576429065604554,0.0,0.0,-1
142,79031,"""Q"" : This is a court of the year 2049, by which time more 'rapid progress' had caused all 'United Earth' nonsense to be abolished. PICARD: Tasha, no... TASHA: I must... ... because I grew up on a world that allowed things like this court. And it was people like these that saved me from it. I say that this so-called court should get down on its knees to what Starfleet is, what it represents...",tasha,12.106004930342875,0.0,0.0,-1
143,86783,"TROI: We should establish clearly also, that Lutan is dangerous. Self image for him is a function of how much he THINKS he's achieved. Those who set their standards too high can kill to meet them. BEVERLY: Why Tasha? TROI: As a Starfleet security officer, she may have represented his riskiest prize.",tasha,11.956921162370834,0.0,0.0,-1
144,77822,"TASHA: Never mind. I'll find what I need myself. Ship's Stores will have it. TROI: Tasha, wait --- TROI: Troi to Captain Picard.",tasha,11.811464617411188,0.0,0.0,-1
145,75328,"TROI: Captain? PICARD: Tasha... I was just with Tasha, in the shuttle... TROI: Troi to Doctor Crusher. Something's wrong with the Captain. We're on our way to Sickbay.",tasha,11.647920597556814,0.0,0.0,-1
146,75066,"TASHA: Lieutenant Yar to Enterprise. GEORDI: Go ahead, Tasha. TASHA: Three to beam to the location of that platinum trace, Geordi.",tasha,11.263385997666385,0.0,0.0,-1
147,110266,"ISHARA: Our parents were killed in some crossfire just after I was born. Some people took care of us for a few months... Then one day we came home and they were gone. So Tasha took care of me. And when I got old enough, I joined the Coalition. DATA: And Tasha did not? ISHARA: My sister hated the cadres. Blamed them for our parents death. For everything. She refused to join. And she left as soon as she had the chance.",tasha,10.884584045901228,3.245072013274813,0.0,-1
148,78935,"TASHA: Lieutenant Worf is right, sir. As Security Chief I can't just stand here and .... PICARD: Yes, you can, Tasha. ""Q"" : Ah, yes... better! (deep breath, feeling it) Then later, on finally reaching deep space, humans of course found enemies to fight out there too. And to broaden those struggles.... (indicating Worf and Tasha) .... you again found allies to permit still more murdering and all over again the same old story.",tasha,10.884584045901228,0.0,2.748943622307018,-1
149,110107,"HAYNE: This is Ishara... Ishara Yar. ISHARA: Tasha was my sister. HAYNE: There's an old saying, Captain. ""The enemy of my enemy is my friend."" I've decided it's in my best interest to help you get your men back.",tasha,10.645894101638678,0.0,0.0,-1
150,95031,PULASKI: Stand by with five milligrams of tricordrazine in case of seizure. Here goes... RIKER: Tasha? Data? Geordi? Worf?! RIKER: Anybody?!,tasha,10.306862616412603,0.0,0.0,-1
151,83380,"RIKER: Understood. (checking the others, then) Energize! RIKER: Tasha? Data? Geordi? Worf?! RIKER: Anybody?!",tasha,10.306862616412603,0.0,0.0,-1
152,90818,"TASHA: Guinan... ? GUINAN: Have you ordered yet, Tasha? TASHA: Not yet... Is something wrong, Guinan?",tasha,9.887042700942027,0.0,0.0,-1
153,110237,ISHARA: This chamber is accessed from the level below. Entry points are evenly spaced along this wall every twenty-five meters. ISHARA: Data... Where was Tasha's post? DATA: The Tactical Station -- where Lieutenant Worf is now.,tasha,9.787377647434823,0.0,0.0,-1
154,79380,"DATA: Confirmed by the construction records, sir. Almost exactly the same material that Starfleet uses. RIKER: Riker to Tasha, Troi, come in! TASHA: We were about to call you, Team Leader. We've found something interesting.",tasha,9.787377647434823,0.0,0.0,-1
155,79376,"TROI: Our sensors do show some passages down there, sir. Perhaps you and I? RIKER: Tasha, you and the Counselor. RIKER: Let's us start with the topside. Have you noticed anything unusual?",tasha,9.787377647434823,0.0,0.0,-1
156,110187,"RIKER: I want to discuss this with the Captain. Mister Data, take Ishara to see Doctor Crusher. ISHARA: You have Tasha's DNA on file? BEVERLY: The ship's computer does. There's always some differentiation in the somatic chromosomes -- but it's not enough to affect the results.",tasha,9.689701862690622,0.0,0.0,-1
157,91027,"GEORDI: Thanks, Guinan. GUINAN: Geordi... tell me about Tasha Yar. DATA: We have arrived at Tanuga Four, Captain. The away team has completed its survey of Doctor Apgar's work and is ready to return to the ship.",tasha,9.500084532036963,0.0,0.0,-1
158,86069,"TASHA: No, I'm sorry. It's so frustrating to be controlled like this... PICARD: Lieutenant...Tasha... it's all right... TASHA: What the hell am I doing? Crying?",tasha,9.408031860378486,0.0,0.0,-1
159,110239,DATA: The Tactical Station -- where Lieutenant Worf is now. ISHARA: Did Tasha have many friends here? DATA: Yes. She was especially close to Commander Riker and Lieutenant Worf. And to myself.,tasha,9.317745988793764,0.0,0.0,-1
160,20145,"QUARK: Perhaps a short adventure in a holosuite... TOSK: Holosuite... ? QUARK: A fantasy encounter with danger, romance, thrills... created for your personal entertainment by the Quark Brothers...",holosuite,10.692243900832894,7.738130032706112,0.0,1
161,54997,LWAXANA: So... where are you ladies off to? KIRA: A holosuite... DAX: King Arthur's Court...,holosuite,10.43522715696793,0.0,0.0,3
162,21125,O'BRIEN: And Cicci from this holosuite program. CICCI: What's a holosuite? FRANKIE: Beats me.,holosuite,9.625422265512777,7.950710760690083,0.0,-1
163,26570,"QUARK: Fortunately for you, there's still time. (pulls out a tray of isolinear rods) Pick one. ODO: A holosuite program? QUARK: It's your anniversary. You have to do something special.",holosuite,9.519883482663104,0.0,0.0,-1
164,69028,"QUARK: And last but not least, one free hour in a holosuite -- with the program of your choice. KIRA: A visit to a holosuite... ? QUARK: Offer good today only.",holosuite,9.216711179285632,5.594226704933231,0.0,11
165,30275,"NOG: I've been going over your books. This place is a latinum-mine and you don't even know it. In my opinion, it's time to expand the business. EZRI: Nog, this is a holosuite. NOG: Of course it's a holosuite. But that doesn't mean we can't build a new casino.",holosuite,9.119899734962967,0.0,5.8584566153607565,2
166,7928,"GARAK: It's more than that. Our clothes have changed. ODO: Could we be in a holosuite? SISKO: Computer, end program.",holosuite,8.84129539543276,0.0,0.0,-1
167,69254,"TIRON: You know, if this program is as good as you claim, I might just purchase it from you to use at home. QUARK: You... have your own holosuite... ? TIRON: Just a little present I bought myself...",holosuite,8.752171862207314,0.0,0.0,4
168,47051,"WORF: Worf here. SISKO: Have you secured the holosuite? WORF: Yes, sir.",holosuite,8.495265588497723,0.0,0.0,12
169,42466,QUARK: What time are tryouts? O'BRIEN: Thirteen hundred. Holosuite Four. SISKO: First day of practice! It's an exciting time! Am I right?,holosuite,8.412949279497274,0.0,0.0,-1
170,30095,"EZRI: He's not crazy. SISKO: But he is living in a holosuite. EZRI: At first, it struck me as a little... peculiar. But after I thought it over, I began to think that maybe this is a good sign after all.",holosuite,8.412949279497274,0.0,0.0,7
171,41468,VIC: He tells me everything. We've been spending a lot of time together. KIRA: Odo? Spending time in a holosuite? VIC: And loving it.,holosuite,8.332212897056184,0.0,0.0,5
172,31089,"KEIKO: Look at her, Miles. She's so happy. O'BRIEN: She has no idea it's a holosuite. KEIKO: It must be so confusing to her. One minute she's on a space station, the next she's running around outside..",holosuite,8.332212897056184,0.0,0.0,-1
173,26732,"ODO: That's right. It turns out that... Nerys agrees with you. She wants to celebrate the anniversary of our first date, not our first kiss. So... here we are. ODO: Is the holosuite still available? QUARK: It's... all yours.",holosuite,8.332212897056184,0.0,0.0,-1
174,45619,DAX: Bad idea? QUARK: Commander -- your holosuite is ready. WORF: Good.,holosuite,8.253011387392146,0.0,0.0,-1
175,31237,DAX: We'd better get going if we're going to make that holosuite reservation. WORF: Holosuite -- and insult the O'Briens? DAX: We wouldn't want to do that.,holosuite,8.253011387392146,6.063007803756363,0.0,8
176,13625,"ODO: You wanted to see us? DAX: Is that the new holosuite program? BASHIR: The next chapter in the continuing adventures of Julian Bashir, Secret Agent. It came in this morning.",holosuite,8.253011387392146,0.0,0.0,6
177,71246,BASHIR: I gave those to Anastasia for Christmas last year. You're bleeding. GARAK: The holosuite safeties must be off. KIRA: It's time to clip this bird's wings...,holosuite,8.175301393620618,0.0,0.0,-1
178,38069,WORF: Who can forget him? O'BRIEN: And those holosuite programs of his? WORF: The Three Musketeers.,holosuite,8.099041176610472,0.0,0.0,10
179,44711,"QUARK: Now that's what I call a picnic. QUARK: I believe Holosuite Six is available. QUARK: That Morn, he always was a sucker for a Phalonian Holo-program.",holosuite,8.024190540228297,0.0,0.0,9
180,74723,"GEORDI: Yes... with a worthy opponent. PICARD: Worthy of Holmes? GEORDI: Oh, my God. I asked for a Sherlock Holmes-type mystery with an opponent capable of defeating Data. That must be it.",holmes,11.47881302903076,0.0,5.526459597573924,1
181,74692,"MORIARTY: It has described a great monstrous shape on which I am like a fly -- stuck on a turtle's back -- adrift in a great emptiness. MORIARTY: What is this, Holmes? MORIARTY: Tell me -- stop and tell me, man!",holmes,11.10123168592955,0.0,0.0,-1
182,74637,"GEORDI: The finger marks on his throat indicate the cause of death, and, since there are signs of a struggle, it's obvious that his killer was a stranger, who caught him from behind. LESTRADE: Is that correct, Holmes? DATA: No. Look at his shoes. He's more a convict -- released just today from Dartmoor prison... He spent the day in a tavern where he consumed large quantities of gin -- with his killer, who followed him to this spot -- and waited over there until the victim slipped into a drunken stupor, then out of fear, motivated only by self-protection strangled him.",holmes,10.74769941983833,0.0,0.0,-1
183,74514,"DATA: Why Lestrade of course. LESTRADE : Holmes, are you there, man? LESTRADE: Thank the Almighty you're available tonight, Holmes, I'm in a deuce of a dilemma.",holmes,10.524260803531558,0.0,6.7406399225417255,7
184,74630,"LESTRADE : It's murder, Holmes, murder most foul. GEORDI: Well, Holmes, let's hear it. DATA: There is nothing here of relevance. I do not see how this connects with the disappearance of the doctor.",holmes,10.415989526288548,9.444373210992804,0.0,6
185,74627,"DATA: There should be a doorway. LESTRADE: Holmes, thank God you're here. LESTRADE: Make way, please, make way, make way for Mr. Sherlock Holmes...",holmes,10.10414196481198,0.0,7.897355614523904,-1
186,74697,"GEORDI: What's on the paper? MORIARTY: Why does it frighten you, Holmes? DATA: Computer! Exit!",holmes,9.810424600653528,0.0,0.0,-1
187,74532,"GEORDI: What was the point to going onto the Holodeck? DATA: To solve a Sherlock Holmes mystery. GEORDI: Exactly, but, you've got them all memorized. The first time someone opens their mouth, you've got it solved. So, there's really no mystery. If there's no mystery... there's no game... no game... no fun.",holmes,9.533301015518,0.0,0.0,4
188,74629,"LESTRADE: Make way, please, make way, make way for Mr. Sherlock Holmes... LESTRADE : It's murder, Holmes, murder most foul. GEORDI: Well, Holmes, let's hear it.",holmes,9.444373210992804,7.897355614523904,10.415989526288548,-1
189,101544,MORIARTY: Professor James Moriarty. BARCLAY: Ah... Moriarty... Sherlock Holmes' arch enemy. BARCLAY: Are you right or left handed?,holmes,9.187273168381893,0.0,0.0,-1
190,74644,"DATA: When used as a garrote, these beads will leave marks quite similar to fingerprints, except, my dear Watson... the marks on the victim are too evenly spaced to be caused by human hands. LESTRADE: Astounding, Holmes... absolutely astounding. DATA: Inspector -- for reasons strictly personal -- I must leave. Come, Watson, this murder is not connected with our case.",holmes,9.104655813570666,0.0,0.0,-1
191,101726,"DATA: Set up the pattern enhancers around whatever object you wish to transport. I will proceed to the Transporter Room to begin modifications. BARCLAY: Computer, Sherlock Holmes Program Three-A. COMPUTER: That program is already in use.",holmes,9.023511103403711,0.0,0.0,-1
192,74517,"DATA: Then may I say your perturbation becomes you, Inspector Lestrade, whilst simultaneously affording me yet another chance to serve Queen and country. GEORDI: Data, is that the way Holmes really talked? DATA: Absolutely.",holmes,8.943800011128001,0.0,0.0,2
193,101509,"GENTLEMAN: Murdered? GEORDI/WATSON: But Holmes, the vial of poison found in his hand? DATA/HOLMES: That was the first clue, Watson. The vial contained strychnine, which as you well know induces violent muscular spasms. It is difficult to imagine that someone in the throes of so gruesome a death could have held on to so delicate a container without shattering it.",holmes,8.493618943723423,0.0,0.0,-1
194,74632,"DATA: There is nothing here of relevance. I do not see how this connects with the disappearance of the doctor. LESTRADE: Doctor? Doctor Watson is standing right here, Holmes. DATA: Doctor Kate Pulaski. But do not concern yourself, Inspector. You have enough on your mind.",holmes,8.285105905885432,0.0,0.0,-1
195,74612,"MORIARTY: The best kind, I'm sure. But I need information. GEORDI: Data -- I mean... Holmes old boy, what are we looking for? DATA: For whatever finds us, dear Watson.",holmes,8.285105905885432,0.0,0.0,5
196,74628,"LESTRADE: Holmes, thank God you're here. LESTRADE: Make way, please, make way, make way for Mr. Sherlock Holmes... LESTRADE : It's murder, Holmes, murder most foul.",holmes,7.897355614523904,10.10414196481198,9.444373210992804,-1
197,82821,DATA: Dixon Hill is a most puzzling character. GEORDI: Not really. He was just a twentieth-century Sherlock Holmes. DATA: But his modus operandi is quite dissimilar. Worth investigating.,holmes,7.776046986768224,0.0,0.0,3
198,74641,"DATA: And when you check, I believe you will find this poor soul is the victim's common law wife, who has been dreading his release because he was a vile and abusive man. GEORDI: But, Holmes she doesn't have the strength of strangling him. DATA: Not with her hands -- no. But with this.",holmes,7.776046986768224,0.0,0.0,-1
199,74623,"DATA: More particularly, that our opposition does indeed consist of two men... that one of them is carrying the bound and gagged Doctor Pulaski. We must hurry -- GEORDI: You know all this because you read it in a Holmes story, right? DATA: Not at all... Since we do not hear the doctor's footfalls, we must presume she is being carried, and since we do not hear her calling for help, we know she is gagged. Further... both sets of footfalls are heavy and masculine -- one man seems to shuffle and stumble in an irregular pattern... Since the ground is level, I must conclude that Doctor Pulaski is struggling against her captor, sporadically knocking him off stride. It is deduction, pure and simple... well, perhaps not that simple.",holmes,7.600914347281639,0.0,0.0,-1
200,70270,"RIKER: You think we'll have a chance to take a look at that new starship of yours? What's it called... ? KIRA: The Defiant. RIKER: Yeah, the Defiant. I hear it's quite a vessel.",the defiant,11.367938855241407,0.0,8.210252152188886,1
201,59503,"SISKO: Hello, Major. Sorry to startle you, but I wanted to test the Defiant's cloaking device. KIRA: The Defiant? SISKO: I've brought back a little surprise for the Dominion.",the defiant,11.367938855241407,6.0942446357361115,1.276595750745804,3
202,56100,"DAMAR: Sir, the wormhole is opening. DAMAR: The Defiant... DUKAT: Our reinforcements must be right behind.",the defiant,11.367938855241407,1.5983097041836425,0.0,-1
203,51444,"O'BRIEN: Recognize her? SISKO: The Defiant. O'BRIEN: During our last encounter, when I ""visited"" your station... ... I took a moment and downloaded as many of your computer files as I could. Figured they'd come in handy one day. And they have. You see, captain, taking Terok Nor was one thing... keeping it, now that's the tricky part. The Alliance fleet is already on its way and when they get here, I want to give them a proper welcome.",the defiant,11.367938855241407,0.0,0.6502036889754322,5
204,8443,SISKO: On screen. O'BRIEN: It's the Defiant. DAX: We're being hailed.,the defiant,10.723517626034496,0.0,0.0,-1
205,56591,SISKO: Release docking clamps. Prepare for departure. ODO: The Defiant's away. KIRA: Signal the Dominion fleet. Tell them the Bajoran government welcomes them to Deep Space Nine.,the defiant,10.48575274158402,0.0,1.470065174157582,-1
206,61558,"GELNON: Ah, First. Your report? KUDAK'ETAN: The Defiant is ours. GELNON: Good. Very, very good. I must admit, I was initially quite skeptical about you and the other new Jem'Hadar bred in this quadrant. But this is a most impressive debut. Wouldn't you agree, Elder?",the defiant,10.370780790111882,0.0,0.6164656942593009,-1
207,42000,"KIRA: Do it. MARTOK: Martok to the Defiant. KIRA: Go ahead, General.",the defiant,10.1482383002892,0.0,0.0,-1
208,34330,NOG: Jem'Hadar or Cardassian? JAKE: It's... It's the Defiant! NOG: What?,the defiant,10.1482383002892,0.0,0.0,4
209,71914,"WORF: Understood. WORF: Defiant. DUKAT: Benjamin? Benjamin, can you hear me?",the defiant,9.94014809584746,0.0,0.0,-1
210,4426,"SISKO: There is another ship in the area... It's moored at Docking Bay Three... SISKO: Defiant. O'BRIEN: It's going to be tricky, Captain. only half the systems are back on- line -- and most of those aren't operating at full capacity.",the defiant,9.94014809584746,1.1472759898107856,0.8164492070612376,-1
211,41795,"JAKE: I have to go. It's my job. Now if you don't want me on the Defiant, fine. I'll go with General Martok -- get the story from a Klingon perspective... SISKO: All right. The Defiant it is. JAKE: So when do we leave?",the defiant,9.534450288770351,4.952436240497845,0.0,2
212,12181,SISKO: Sisko to Defiant. KIRA: Defiant here. SISKO: Report.,the defiant,9.349896967106542,8.925878353127265,0.0,-1
213,71904,O'BRIEN: That's a pretty large area. How many ships are in the search party? ODO: Two. The Constellation and the Defiant. DAX: Two? It could take days.,the defiant,9.170360030753006,1.1556378949690689,0.0,-1
214,47162,"MARTOK: Five birds of prey. The battle cruisers are too slow and unwieldy for this kind of mission. SISKO: Do you want to take the Defiant? MARTOK: Perhaps the Defiant should remain here, protecting the station -- in case the Jem'Hadar try their own ""cavalry"" raid. But it may be prudent for the Defiant and a dozen or so other starships to be waiting for us when we return.",the defiant,9.164907630948106,0.98358551020204,6.010945990910921,-1
215,18285,"KIRA: It didn't make it. The Rotarran recovered six escape pods... Worf wasn't aboard any of them. QUARK: Heard anything from the Defiant? EZRI: I talked to Benjamin this morning. He said that according to the Koraga's crew, Worf was the last to leave the bridge. No one knows if he made it to an escape pod.",the defiant,9.164907630948106,0.995941902295483,1.4147377152374956,-1
216,59761,"KIRA: I don't think so. DAX: Dax to Defiant. SISKO: Go ahead, Dax.",the defiant,9.132968804915128,0.0,0.0,-1
217,5434,O'BRIEN: I'm reading additional warp signatures. Bearing one-eight- three mark nine-seven. Two-four- four mark twelve. Three-oh-two mark one-three-three. KIRA: Defiant to Ops. SISKO: Go ahead.,the defiant,9.132968804915128,0.0,0.0,-1
218,5395,"SISKO: I'll be damned. Permission granted. KIRA: Defiant to Ops. O'BRIEN: Go ahead, Major.",the defiant,9.132968804915128,0.0,0.0,-1
219,56107,DAMAR: (he can't figure it out either) I don't know... DAMAR: The Defiant has opened fire on us. WEYOUN: Obviously.,the defiant,8.99067431999682,0.0,0.0,6
220,96747,"PICARD: Yes, Ensign Laren, please have a seat... RO: Ensign Ro. Sir. PICARD: I beg your pardon?",ensign ro,20.451478849163195,6.901508176519934,0.0,-1
221,96863,GUINAN: Too late. You just made one. FEMALE COM: Bridge to Ensign Ro. RO: Go ahead.,ensign ro,19.106026696097672,0.0,0.0,-1
222,128181,DATA: They pose no danger to Humans -- but some of the ship's systems may be affected by prolonged exposure. When I return I will devise a method to eradicate them. GEORDI: La Forge to Ensign Ro... RO: Thanks for the ride.,ensign ro,18.696038013700463,0.0,0.0,-1
223,96875,"PICARD: Captain Picard to Ensign Ro. DATA: Computer, locate Ensign Ro. COMPUTER: Ensign Ro is not on board the Enterprise.",ensign ro,17.926675128110254,17.56526007410646,15.5301185410517,-1
224,96791,"KEEVE: You honor me by the proper use of my name, Captain. PICARD: Ensign Ro has educated me. KEEVE: Has she. Good. I'm pleased you still remember.",ensign ro,17.926675128110254,0.0,0.0,-1
225,96874,"RIKER: We're on a timetable here. Where's Ro? PICARD: Captain Picard to Ensign Ro. DATA: Computer, locate Ensign Ro.",ensign ro,17.56526007410646,9.266505541245111,17.926675128110254,-1
226,96714,"RIKER: Well, I've got one waiting to transport aboard... RIKER: ... complete with orders. Ensign Ro Laren. PICARD: Ro Laren? From the Wellington?",ensign ro,16.104230577545785,0.0,10.006326345699154,-1
227,128105,"MCDOWELL: Aye, sir. RO: Ensign Ro to bridge. This is Ensign Ro, reporting in... I'm in section twenty-three baker, near sickbay. RO: Sickbay...",ensign ro,15.718657067817936,0.0,0.0,-1
228,96876,"DATA: Computer, locate Ensign Ro. COMPUTER: Ensign Ro is not on board the Enterprise. WORF: Check the transport log.",ensign ro,15.5301185410517,17.926675128110254,0.0,-1
229,128192,"PICARD: You knew La Forge longer than any of us. RIKER: Actually, I was thinking more of Ensign Ro... RO: Me?",ensign ro,15.39292995693043,0.0,0.0,-1
230,96944,GUINAN: Ensign Ro has some things to talk to you about. PICARD: Ensign Ro has been confined to her quarters. GUINAN: She can go right back to her quarters when she's done.,ensign ro,15.125697859796528,14.741805677689657,0.0,-1
231,96943,PICARD: Come. GUINAN: Ensign Ro has some things to talk to you about. PICARD: Ensign Ro has been confined to her quarters.,ensign ro,14.741805677689657,0.0,15.125697859796528,-1
232,96738,"RIKER: Energize. RO: Ensign Ro Laren reporting as ordered, Commander. RIKER: You'll follow the Starfleet uniform code aboard this ship, Ensign.",ensign ro,14.741805677689657,0.0,5.432053219059578,-1
233,96984,"PICARD: Good. We will report as soon as our mission is accomplished. Picard out. RIKER: Ensign Ro, take us to the designated coordinates... RO: Aye, sir.",ensign ro,14.618135615613213,0.0,0.0,-1
234,105661,"RO: May I suggest that our next priority be to stabilize life- support and try to reestablish intership communications. TROI: Yes. Mister Mandel, I'd like you to assist Ensign Ro. MANDEL: Yes, sir.",ensign ro,14.259269520379249,0.0,0.0,-1
235,96996,"FEMALE: Acknowledged, Captain. Be advised that our ship is limited to half impulse... PICARD: Ensign Ro, set a course for Valo Three... half impulse. RO: Aye, sir.",ensign ro,14.259269520379249,0.0,0.0,-1
236,96977,"KENNELLY: Well done, Captain. PICARD: It was a team effort, Admiral. Ensign Ro proved invaluable. KENNELLY: Good. What's the next step?",ensign ro,13.59192308281567,0.0,0.0,-1
237,128298,"PAREM: Where is the science officer? GEORDI: RO! DATA: Excuse me for interrupting, Lieutenant. I have detected a chroniton field in this room. May I scan the area for a moment?",ensign ro,13.512458528577978,0.0,0.0,-1
238,128328,"PICARD: I've been thinking about the first time I met Geordi La Forge. He was a young officer assigned to pilot me on an inspection tour... I made some off-hand remark about the shuttle's engine efficiency not being what it should... the next morning I found he'd stayed up all night refitting the fusion initiators. I knew right then that I wanted him with me on my next command. PICARD: Have you decided what you're going to say about Ensign Ro? RIKER: Yeah, I have. It wasn't easy...",ensign ro,13.4867246406088,0.0,0.0,-1
239,96773,"PICARD: That is not a small advantage on this mission... Very well... Mister Data, contact Holza, arrange a meeting... set a course for Valo Three. RIKER: Ensign Ro, you're familiar with this star system; take the conn... RIKER: Is there some problem, Ensign?",ensign ro,13.08172611314658,0.0,7.383636460458932,-1
240,48079,"BASHIR: Sir, that ship was full... I checked the list myself, Quark's name wasn't on it... I did see Rom go on board... he was with one of the dabo girls... QUARK: Dabo girl... what?! SISKO: Looks like he sold your seat, Quark.",dabo girl,21.459680534466187,4.621384119271258,0.0,10
241,17204,"ZIMMERMAN: You're... a fascinating woman, Leeta. LEETA: For a dabo girl. ZIMMERMAN: Not at all. You're charming... intelligent... witty... and extraordinarily beautiful.",dabo girl,21.213590908798885,0.0,0.0,7
242,47843,SISKO: Than what... ? JAKE: Than a Dabo girl. SISKO: You're in love with a Dabo girl?,dabo girl,20.97308137574421,0.0,17.924748226122365,2
243,47844,"JAKE: Than a Dabo girl. SISKO: You're in love with a Dabo girl? JAKE: Wait a minute, you said Chief O'Brien told you...",dabo girl,17.924748226122365,20.97308137574421,0.0,3
244,40553,"JAKE: It's not a lie, Nog. Mardah's studying entomology. She asked me to help her out... NOG: A dabo girl who studies entomology... ...sure. JAKE: It's true!",dabo girl,16.63522933888956,0.0,0.0,4
245,38743,"PROKA: (almost smiles, with irony) To hate Cardassians. Well, that wouldn't be too hard, would it. We've told him the truth, Commander. The truth. What Cardassia did to Bajor. He needed to know. I make no apologies for that... To us... he isn't even one of... them... anymore. He isn't Cardassian, he's Bajoran. And we love him as if he were our own flesh and blood. ZOLAN: Dabo! Dabo! Dabo! QUARK: There's nothing quite so depressing as a winning streak that won't stop streaking.",dabo girl,14.950076796302916,0.0,0.0,-1
246,58851,"SISKO: She's a dabo girl and she's dating my son. I don't want to like her. O'BRIEN: Sixteen years old and dating a dabo girl... ... Godspeed, Jake. ODO: Major.",dabo girl,14.658025727685368,13.385284276653008,0.0,5
247,58744,"JAKE: He was going to walk away a winner... MARDAH: The first rule of dabo is watch the wheel, not the girl. JAKE: ""... the wheel, not the girl.""",dabo girl,14.658025727685368,0.0,9.521388897663495,1
248,54897,JAKE: Character sketches for possible stories... JAKE: A Bolian tries to impress a dabo girl... by wearing a toupee... JAKE: A thief disguises himself as a Monk so he can swindle a Ferengi...,dabo girl,14.317676213569072,0.0,0.0,8
249,19974,"MISS SARDA: I'm not what a lot of people think... MISS SARDA: I mean if you're a dabo girl, you know, you get a reputation... SISKO: Miss Sarda, why don't tell me exactly what happened? When did you start having trouble with Quark...",dabo girl,14.207711705264291,0.0,0.0,9
250,70235,SISKO: I can't say that I blame you. RIKER: Now... which Dabo girl is your son dating... just to be on the safe side? DAX: Who's in there?,dabo girl,13.385284276653008,0.0,0.0,6
251,58850,"O'BRIEN: But what if it turns out that you... like her? SISKO: She's a dabo girl and she's dating my son. I don't want to like her. O'BRIEN: Sixteen years old and dating a dabo girl... ... Godspeed, Jake.",dabo girl,13.385284276653008,0.0,14.658025727685368,11
252,12663,"GHEMOR: Nerys! WEYOUN: Dabo! That is dabo, isn't it? DUKAT: I don't see why you insist on playing this ridiculous game.",dabo girl,12.64571859691301,0.0,0.0,-1
253,24841,"KRAX: May I say, Nagus, that my father himself never looked more commanding. QUARK: I've been thinking, maybe it would be wise to take a dabo girl along with us. KRAX: Whatever for?",dabo girl,12.56690556452354,0.0,0.0,-1
254,61458,"QUARK: (confident of the house's odds) I admire your courage... S: Dabo! QUARK: Well, what do you know... we have a winner...",dabo girl,12.50535557934936,0.0,0.0,-1
255,61353,"O'BRIEN: The way I see it there are two possible explanations. Either I'm more feebleminded than you ever realized, or you're not as smart as you think you are. S: Dabo! QUARK: Looks like your lucky day.",dabo girl,12.50535557934936,0.0,0.0,-1
256,58731,"SISKO: If the Dominion comes through the wormhole, the first battle will be fought here. And I intend to be ready for them. MARDAH: Dabo! MARDAH: You're not leaving?",dabo girl,12.50535557934936,0.0,0.0,-1
257,53295,"QUARK: This isn't funny... we just have to pick the right one... it's fifty-fifty... better odds than you get at the dabo table... HANOK: dabo? QUARK: It's a game... if we get out of this, I'll teach it to you. Choose one.",dabo girl,12.50535557934936,5.201571163523684,0.0,-1
258,46327,"SARINA: It's really not that interesting. S: Dabo! QUARK: Well, hasn't this been fun! Why not have a seat, and top off the evening with a lovely bottle of springwine?",dabo girl,12.50535557934936,0.0,0.0,-1
259,46320,"BASHIR: Come on, I know just the thing to cheer you up. S: Dabo! O'BRIEN: She's unbelievable...",dabo girl,12.50535557934936,0.0,0.0,-1
260,30100,JAKE: It could be worse. He could be hiding in the Alamo program. LEETA: Or that ridiculous secret agent program. BASHIR: Hey.,secret agent,18.040509842761026,0.0,0.0,1
261,71418,"BASHIR: I'm so relieved. Now, we have to get to the control room. Are you coming or not? GARAK: Who am I to question Julian Bashir, secret agent? Lead the way. BASHIR: Everyone stay right where you are. Drop your weapons.",secret agent,15.174829352519149,0.0,0.0,3
262,71465,"GARAK: Of course. But why don't we have lunch at your place -- in Hong Kong. That is, if this wasn't your last mission. BASHIR: I think it's safe to say that Julian Bashir, secret agent... will return. SISKO : Captain's log, Stardate 49904.2. After driving away Breen privateers from the Bajoran colony of Prophets' Haven, we are returning to Deep Space Nine. I think I speak for the whole crew when I say it'll be good to be home.",secret agent,14.308949934815184,0.0,0.0,4
263,85010,OGAWA: We were going to keep it a secret until the promotions are announced. BEVERLY: Secret... ? OGAWA: He asked me to marry him.,secret agent,11.750844562864565,6.5544229005684445,0.0,-1
264,13626,"DAX: Is that the new holosuite program? BASHIR: The next chapter in the continuing adventures of Julian Bashir, Secret Agent. It came in this morning. O'BRIEN: Finally. That friend of yours promised to send it two months ago.",secret agent,11.718001075665535,0.0,0.0,2
265,54463,SISKO: And I resent having to watch my friend die just so you can protect your secret. RENHOL: What secret? SISKO: I think you know -- and the thought of it becoming public scares the hell out of you.,secret agent,11.044686941690324,6.1180510663495635,0.0,-1
266,29644,ODO: I have no intention of being a Cardassian agent. GUL DUKAT: Not an agent. An investigator. ODO: There's a difference... ?,secret agent,10.850063103966818,9.120645953054163,0.0,-1
267,36203,PEL: You do? QUARK: It's no secret. PEL: It's not?,secret agent,10.66031313810682,0.0,0.0,-1
268,4713,WORF: Did she? DAX: It's no secret. WORF: Apparently not.,secret agent,10.66031313810682,0.0,0.0,-1
269,130246,PICARD: What else can I do? BEVERLY: The wound needs a clotting agent. PICARD: I can't find your medical kit.,secret agent,10.433564767809404,0.0,0.0,-1
270,80162,BEVERLY: It might have been the guard's personal escape route. PICARD: You're assuming he's a Kes agent. BEVERLY: Seems logical.,secret agent,10.433564767809404,0.0,0.0,-1
271,48516,KIRA: I have absolutely no artistic skills. I was the worst fingerpainter in the four year old level. My parents were humiliated. BAREIL: It'll be our secret. KIRA: The point is I'm useless here.,secret agent,10.075883467201244,0.0,0.0,-1
272,66236,QUARK: I guess that means he wasn't really a Prince after all. QUARK: And you're not really a security agent? QUARK: And you're not really his ex-wife?,secret agent,9.865508024082834,0.0,0.0,-1
273,62088,"NOG: We have to trade it -- JAKE: It's kind of a secret. O'BRIEN: Oh. Well, there might be an old cell around here somewhere, but I don't really have time to go scrounging around at the moment.",secret agent,9.859669062583595,0.0,0.0,-1
274,26400,"QUARK: (pulling the tray away) You're not going to tell him, are you? O'BRIEN: It'll be our little secret. QUARK: Good luck.",secret agent,9.357663070742015,0.0,0.0,-1
275,119995,"WORF: I wished to thank you for protecting my -- PULASKI: Your secret is safe with me. PULASKI: Worf, I'm honored. No one has ever made the Tea for me.",secret agent,9.26333436003876,0.0,0.0,-1
276,20212,"O'BRIEN: I just feel sorry for him. Somehow, I don't think he means us any harm. O'BRIEN: What the hell is his secret? DAX: Sensors are reading ionized ""L""-band emissions... The patterns match Tosk's ship...",secret agent,9.26333436003876,0.0,0.0,-1
277,15757,"KASIDY: Ah, so it's my heart you're after. SISKO: I never could keep a secret. KASIDY: In that case, maybe you could tell me what all those maintenance crews are doing in the docking ring.",secret agent,9.26333436003876,0.0,0.0,-1
278,15760,SISKO: Just some retrofitting. KASIDY: Now you are keeping a secret. SISKO: Let's just say we're preparing a few surprises in case the Dominion comes through the wormhole.,secret agent,9.170888407143314,0.0,0.0,-1
279,29643,GUL DUKAT: But I have a suspicion you'd make a good one. Shape-shifting your way into places the rest of us can't go... ODO: I have no intention of being a Cardassian agent. GUL DUKAT: Not an agent. An investigator.,secret agent,9.120645953054163,0.0,10.850063103966818,-1
280,103368,TOG: No one has ever given me oo-mox like this before. LWAXANA: Oo-mox? TOG: There is no translation. But the ear is one of our most erogenous zones.,oo-mox,30.744396150945207,20.002003456885024,0.0,-1
281,37334,"ALUURA: How much nicer? ALUURA: ""Oo-mox for Fun and Profit."" QUARK: It's a quick read.",oo-mox,24.73485620054712,0.0,0.0,-1
282,66100,LARELL: I'd rather wait here. With you. QUARK: This is no time for oo-mox... LARELL: You don't like it?,oo-mox,24.48298068746047,0.0,0.0,-1
283,103497,TOG: You have my word. I will release your daughter and the Commander. LWAXANA: Oo-mox is only the beginning... FERENGI CREWMAN : Daimon -- we are being hailed by the Enterprise -- they demand the return of the captives --,oo-mox,23.99431162049102,0.0,0.0,-1
284,19672,"VASH: Mister Quark, I believe you're trying to take advantage of me. QUARK: Mmmm. You have a talent for oo-mox. VASH: So I've been told.",oo-mox,22.853926870862452,0.0,0.0,-1
285,37761,QUARK: I'm not that enticing. What you need is a good night's sleep. NILVA: A little oo-mox and I'll sleep like a baby. QUARK: I hear the station has some very nice holosuites...,oo-mox,21.052871935526117,0.0,0.0,-1
286,103370,TOG: There is no translation. But the ear is one of our most erogenous zones. LWAXANA: Then you shall have as much oo-mox as you desire. RIKER: Those Ferengi have iron jaws...,oo-mox,20.002003456885024,0.0,0.0,-1
287,103367,TOG: Some females think they are my best feature. TOG: No one has ever given me oo-mox like this before. LWAXANA: Oo-mox?,oo-mox,20.002003456885024,0.0,30.744396150945207,-1
288,11592,"ROM: It's not Quark's fault that I got sick. I forgot to get my bimonthly ear scan. ROM : And besides, I've probably been getting too much oo-mox. LEETA: Really? Who's the lucky female?",oo-mox,19.05105694065475,0.0,0.0,-1
289,62446,"NURSE GARLAND: (distorted and unintelligible) Two-fifty over one-sixty-seven. If you were human, I'd say you were due for a heart attack. QUARK: What do you say I teach you how to oo-mox? Trust me, you'll like it. QUARK: Is that a ""Yes?""",oo-mox,17.523669930123972,0.0,0.0,-1
290,47627,KLINGON HOST: Ak'la bel-la doo-oo-oo-oo... Bel-la ak'la doo-oo-oo-oo... La suhm... La suhm... L'kahtra... La suhm... KLINGON HOST & DAX: Ak'la bel-la doo-oo-oo-oo! KLINGON HOST: She taught that to me... can you believe it... a Klingon song I'd never heard...,oo-mox,17.452075577739556,16.85576343867112,0.0,-1
291,47626,DAX: Come on... I'll take you to dinner... KLINGON HOST: Ak'la bel-la doo-oo-oo-oo... Bel-la ak'la doo-oo-oo-oo... La suhm... La suhm... L'kahtra... La suhm... KLINGON HOST & DAX: Ak'la bel-la doo-oo-oo-oo!,oo-mox,16.85576343867112,0.0,17.452075577739556,-1
292,66155,"HAIN: The will has already been nullified. He signed an agreement to return the latinum in the event of his death. QUARK: Oh. Do me a favor, don't tell his ex- wife that. I'm going to need a little oo-mox later. HAIN: His ex-wife?",oo-mox,15.392146452538324,0.0,0.0,-1
293,67959,"QUARK: I'm alive... BRUNT: I find it surprising that someone with such long, slender and nimble fingers has never practiced oo-mox. BRUNT: Come to beg for your life?",oo-mox,13.801708236597324,0.0,0.0,-1
294,40411,"SISKO: (to Tumak, points to Tumak's hand) I can offer you medical assistance for that wound... TUMAK: Oo-mata! Oo-mata! Dongo patar meeoto fenta. Fenta! HANEEK: Naga dentana... oobay a-tal. Oobay a-tal! Keetama sootay. Shalanta Skrreea.",oo-mox,13.782301578900777,0.0,0.0,-1
295,34151,"JORAN: Don't you see, we've made Dax whole again. EZRI: D'za-oo bah-zheest... JORAN: Don't back away now.",oo-mox,13.04189587459553,0.0,0.0,-1
296,34245,JORAN: I can't tell you how much I've enjoyed our time together. EZRI: Zheem Dax... nah sass-eye-ahn... D'za-oo bah-zheest... EZRI: Joran rhee jehr hey-dah...,oo-mox,10.037432840473487,0.0,0.0,-1
297,50797,"MARTOK: That's the spirit! Kaaa vek ko lee ko... MARTOK & WORF: Eh to che mah lo... Tah oo-wah kah esh to pah deh ah reee! Yah bosh- ah! Yah bosh-ah!, Yah bosh tomah!... DAX: Al'Qoch... mensah... t'lang... cho.",oo-mox,7.121035180866745,0.0,0.0,-1
